{
  "sents_p": 0.9739069659,
  "sents_r": 0.9871693955,
  "sents_f": 0.9804933349,
  "tag_acc": 0.9611808684,
  "ents_p": 0.8919143925,
  "ents_r": 0.8939837994,
  "ents_f": 0.892947897,
  "ents_per_type": {
    "ORG": {
      "p": 0.0,
      "r": 0.0,
      "f": 0.0
    },
    "PER": {
      "p": 0.0,
      "r": 0.0,
      "f": 0.0
    },
    "MISC": {
      "p": 0.0,
      "r": 0.0,
      "f": 0.0
    },
    "LOC": {
      "p": 0.0,
      "r": 0.0,
      "f": 0.0
    }
  },
  "speed": 9322.7465693731,
  "token_acc": 0.99996168,
  "token_p": 0.9989078786,
  "token_r": 0.9995398685,
  "token_f": 0.9992237736,
  "pos_acc": 0.9849515959,
  "morph_acc": 0.9799467035,
  "morph_micro_p": 0.9941223925,
  "morph_micro_r": 0.9888284458,
  "morph_micro_f": 0.9914683524,
  "morph_per_feat": {
    "Definite": {
      "p": 0.998289136,
      "r": 0.9988587732,
      "f": 0.9985738734
    },
    "Gender": {
      "p": 0.9955471738,
      "r": 0.9873746558,
      "f": 0.9914440735
    },
    "Number": {
      "p": 0.9980237154,
      "r": 0.9908818098,
      "f": 0.9944399398
    },
    "PronType": {
      "p": 0.9975047985,
      "r": 0.9927411652,
      "f": 0.995117281
    },
    "PunctType": {
      "p": 0.9995215311,
      "r": 0.9990435198,
      "f": 0.9992824683
    },
    "VerbForm": {
      "p": 0.9898469228,
      "r": 0.99015625,
      "f": 0.9900015623
    },
    "Mood": {
      "p": 0.9797752809,
      "r": 0.9753914989,
      "f": 0.9775784753
    },
    "Person": {
      "p": 0.9919524143,
      "r": 0.9869451697,
      "f": 0.989442457
    },
    "Tense": {
      "p": 0.9835315645,
      "r": 0.9799453054,
      "f": 0.9817351598
    },
    "NumForm": {
      "p": 0.9836601307,
      "r": 0.9756888169,
      "f": 0.9796582587
    },
    "NumType": {
      "p": 0.9803418803,
      "r": 0.9646761985,
      "f": 0.9724459517
    },
    "Poss": {
      "p": 1.0,
      "r": 0.9963436929,
      "f": 0.9981684982
    },
    "PunctSide": {
      "p": 1.0,
      "r": 0.998,
      "f": 0.998998999
    },
    "Case": {
      "p": 0.9376623377,
      "r": 0.9368512111,
      "f": 0.9372565989
    },
    "PrepCase": {
      "p": 0.9989528796,
      "r": 0.9875776398,
      "f": 0.9932326913
    },
    "Reflex": {
      "p": 0.9903846154,
      "r": 0.9935691318,
      "f": 0.9919743178
    },
    "Degree": {
      "p": 0.9926739927,
      "r": 0.9644128114,
      "f": 0.9783393502
    },
    "Polarity": {
      "p": 1.0,
      "r": 0.9935064935,
      "f": 0.996742671
    },
    "AdvType": {
      "p": 0.9719101124,
      "r": 0.920212766,
      "f": 0.9453551913
    },
    "Number[psor]": {
      "p": 0.9714285714,
      "r": 0.9714285714,
      "f": 0.9714285714
    },
    "Foreign": {
      "p": 1.0,
      "r": 1.0,
      "f": 1.0
    }
  },
  "dep_uas": 0.9128255421,
  "dep_las": 0.8803870504,
  "dep_las_per_type": {
    "det": {
      "p": 0.9783098592,
      "r": 0.9827391058,
      "f": 0.9805194805
    },
    "nsubj": {
      "p": 0.8918128655,
      "r": 0.8924652524,
      "f": 0.8921389397
    },
    "case": {
      "p": 0.9641509434,
      "r": 0.9644108924,
      "f": 0.9642809004
    },
    "amod": {
      "p": 0.9196927374,
      "r": 0.9168116951,
      "f": 0.9182499564
    },
    "nmod": {
      "p": 0.8359872611,
      "r": 0.8339952343,
      "f": 0.8349900596
    },
    "mark": {
      "p": 0.8999453253,
      "r": 0.916481069,
      "f": 0.908137931
    },
    "acl": {
      "p": 0.7441176471,
      "r": 0.7228571429,
      "f": 0.7333333333
    },
    "advcl": {
      "p": 0.5934684685,
      "r": 0.6498150432,
      "f": 0.6203649205
    },
    "nummod": {
      "p": 0.9003558719,
      "r": 0.8924162257,
      "f": 0.8963684677
    },
    "obj": {
      "p": 0.8311774461,
      "r": 0.8342210386,
      "f": 0.8326964612
    },
    "obl": {
      "p": 0.7284427284,
      "r": 0.7328441951,
      "f": 0.730636833
    },
    "fixed": {
      "p": 0.8440492476,
      "r": 0.8304172275,
      "f": 0.8371777476
    },
    "cc": {
      "p": 0.918395574,
      "r": 0.9127147766,
      "f": 0.9155463633
    },
    "conj": {
      "p": 0.7056504599,
      "r": 0.6853860881,
      "f": 0.6953706701
    },
    "root": {
      "p": 0.9149700599,
      "r": 0.9238210399,
      "f": 0.9193742479
    },
    "flat": {
      "p": 0.9029905179,
      "r": 0.9301277235,
      "f": 0.9163582531
    },
    "xcomp": {
      "p": 0.8514588859,
      "r": 0.7886977887,
      "f": 0.818877551
    },
    "advmod": {
      "p": 0.8493227991,
      "r": 0.8483652762,
      "f": 0.8488437676
    },
    "compound": {
      "p": 0.8932038835,
      "r": 0.7389558233,
      "f": 0.8087912088
    },
    "expl:pv": {
      "p": 0.8076923077,
      "r": 0.8045977011,
      "f": 0.8061420345
    },
    "cop": {
      "p": 0.9019189765,
      "r": 0.9077253219,
      "f": 0.9048128342
    },
    "ccomp": {
      "p": 0.8265682657,
      "r": 0.8405253283,
      "f": 0.8334883721
    },
    "iobj": {
      "p": 0.7397260274,
      "r": 0.5373134328,
      "f": 0.6224783862
    },
    "aux": {
      "p": 0.9587482219,
      "r": 0.9587482219,
      "f": 0.9587482219
    },
    "appos": {
      "p": 0.6771117166,
      "r": 0.6931659693,
      "f": 0.6850447967
    },
    "expl:pass": {
      "p": 0.7336448598,
      "r": 0.8486486486,
      "f": 0.7869674185
    },
    "csubj": {
      "p": 0.7446808511,
      "r": 0.7368421053,
      "f": 0.7407407407
    },
    "parataxis": {
      "p": 0.6862745098,
      "r": 0.4166666667,
      "f": 0.5185185185
    },
    "expl:impers": {
      "p": 0.8125,
      "r": 0.8125,
      "f": 0.8125
    },
    "orphan": {
      "p": 0.0,
      "r": 0.0,
      "f": 0.0
    },
    "dep": {
      "p": 0.0322580645,
      "r": 0.1111111111,
      "f": 0.05
    },
    "nsubj:pass": {
      "p": 0.0,
      "r": 0.0,
      "f": 0.0
    },
    "aux:pass": {
      "p": 0.0,
      "r": 0.0,
      "f": 0.0
    },
    "acl:relcl": {
      "p": 0.0,
      "r": 0.0,
      "f": 0.0
    }
  },
  "lemma_acc": 0.9647802961
}