{
  "sents_p": 0.980747496,
  "sents_r": 0.9904360831,
  "sents_f": 0.9855679793,
  "tag_acc": 0.9579295471,
  "ents_p": 0.8896011396,
  "ents_r": 0.8897097733,
  "ents_f": 0.8896554531,
  "ents_per_type": {
    "PER": {
      "p": 0.0,
      "r": 0.0,
      "f": 0.0
    },
    "LOC": {
      "p": 0.0,
      "r": 0.0,
      "f": 0.0
    },
    "ORG": {
      "p": 0.0,
      "r": 0.0,
      "f": 0.0
    },
    "MISC": {
      "p": 0.0,
      "r": 0.0,
      "f": 0.0
    }
  },
  "speed": 8991.2872283664,
  "token_acc": 0.99996168,
  "token_p": 0.9989078786,
  "token_r": 0.9995398685,
  "token_f": 0.9992237736,
  "pos_acc": 0.9812988258,
  "morph_acc": 0.977224363,
  "morph_micro_p": 0.9926045589,
  "morph_micro_r": 0.9860980846,
  "morph_micro_f": 0.9893406243,
  "morph_per_feat": {
    "Definite": {
      "p": 0.997720473,
      "r": 0.9990014265,
      "f": 0.9983605389
    },
    "Gender": {
      "p": 0.9931417203,
      "r": 0.9856081467,
      "f": 0.9893605925
    },
    "Number": {
      "p": 0.9982165012,
      "r": 0.9905355494,
      "f": 0.9943611926
    },
    "PronType": {
      "p": 0.997016649,
      "r": 0.9894937918,
      "f": 0.993240976
    },
    "PunctType": {
      "p": 0.9995215311,
      "r": 0.9990435198,
      "f": 0.9992824683
    },
    "VerbForm": {
      "p": 0.9874529486,
      "r": 0.98375,
      "f": 0.9855979962
    },
    "Mood": {
      "p": 0.97275,
      "r": 0.9671886652,
      "f": 0.9699613611
    },
    "Person": {
      "p": 0.9896309315,
      "r": 0.980156658,
      "f": 0.9848710101
    },
    "Tense": {
      "p": 0.9764840183,
      "r": 0.9747037375,
      "f": 0.9755930657
    },
    "NumForm": {
      "p": 0.9868421053,
      "r": 0.9724473258,
      "f": 0.9795918367
    },
    "NumType": {
      "p": 0.9819587629,
      "r": 0.9613120269,
      "f": 0.9715257119
    },
    "Poss": {
      "p": 1.0,
      "r": 0.9945155393,
      "f": 0.9972502291
    },
    "PunctSide": {
      "p": 1.0,
      "r": 0.998,
      "f": 0.998998999
    },
    "Case": {
      "p": 0.9288224956,
      "r": 0.9143598616,
      "f": 0.9215344377
    },
    "PrepCase": {
      "p": 0.9978746015,
      "r": 0.9720496894,
      "f": 0.9847928684
    },
    "Reflex": {
      "p": 0.9935483871,
      "r": 0.9903536977,
      "f": 0.9919484702
    },
    "Degree": {
      "p": 0.9926739927,
      "r": 0.9644128114,
      "f": 0.9783393502
    },
    "Polarity": {
      "p": 1.0,
      "r": 0.9935064935,
      "f": 0.996742671
    },
    "AdvType": {
      "p": 0.9508196721,
      "r": 0.9255319149,
      "f": 0.9380053908
    },
    "Number[psor]": {
      "p": 1.0,
      "r": 0.9428571429,
      "f": 0.9705882353
    },
    "Foreign": {
      "p": 1.0,
      "r": 1.0,
      "f": 1.0
    }
  },
  "dep_uas": 0.9019983873,
  "dep_las": 0.8658225641,
  "dep_las_per_type": {
    "det": {
      "p": 0.970575813,
      "r": 0.9753820034,
      "f": 0.972972973
    },
    "nsubj": {
      "p": 0.8670076726,
      "r": 0.8679590344,
      "f": 0.8674830927
    },
    "case": {
      "p": 0.9581488934,
      "r": 0.9629280129,
      "f": 0.9605325086
    },
    "amod": {
      "p": 0.9062829063,
      "r": 0.8987121476,
      "f": 0.9024816498
    },
    "nmod": {
      "p": 0.8225201072,
      "r": 0.8122848822,
      "f": 0.8173704542
    },
    "mark": {
      "p": 0.8857615894,
      "r": 0.8936525612,
      "f": 0.8896895787
    },
    "acl": {
      "p": 0.7359605911,
      "r": 0.7114285714,
      "f": 0.7234866828
    },
    "advcl": {
      "p": 0.5710900474,
      "r": 0.5943279901,
      "f": 0.5824773414
    },
    "nummod": {
      "p": 0.8953900709,
      "r": 0.8906525573,
      "f": 0.8930150309
    },
    "obj": {
      "p": 0.7904638339,
      "r": 0.8112516644,
      "f": 0.800722852
    },
    "obl": {
      "p": 0.7003381234,
      "r": 0.7151488994,
      "f": 0.7076660261
    },
    "fixed": {
      "p": 0.8514851485,
      "r": 0.8102288022,
      "f": 0.8303448276
    },
    "cc": {
      "p": 0.9177608846,
      "r": 0.9127147766,
      "f": 0.9152308753
    },
    "conj": {
      "p": 0.6993333333,
      "r": 0.6694320357,
      "f": 0.6840560809
    },
    "root": {
      "p": 0.9041916168,
      "r": 0.9129383313,
      "f": 0.908543923
    },
    "flat": {
      "p": 0.8889689978,
      "r": 0.9263711495,
      "f": 0.9072847682
    },
    "xcomp": {
      "p": 0.8087855297,
      "r": 0.769041769,
      "f": 0.7884130982
    },
    "advmod": {
      "p": 0.8461981567,
      "r": 0.8280721533,
      "f": 0.837037037
    },
    "compound": {
      "p": 0.8834951456,
      "r": 0.7309236948,
      "f": 0.8
    },
    "expl:pv": {
      "p": 0.7741935484,
      "r": 0.7356321839,
      "f": 0.7544204322
    },
    "cop": {
      "p": 0.8718487395,
      "r": 0.8905579399,
      "f": 0.881104034
    },
    "ccomp": {
      "p": 0.8007380074,
      "r": 0.8142589118,
      "f": 0.8074418605
    },
    "iobj": {
      "p": 0.6901408451,
      "r": 0.4875621891,
      "f": 0.5714285714
    },
    "aux": {
      "p": 0.9542203147,
      "r": 0.9487908962,
      "f": 0.9514978602
    },
    "appos": {
      "p": 0.6236979167,
      "r": 0.6680613668,
      "f": 0.6451178451
    },
    "expl:pass": {
      "p": 0.6981981982,
      "r": 0.8378378378,
      "f": 0.7616707617
    },
    "csubj": {
      "p": 0.7840909091,
      "r": 0.7263157895,
      "f": 0.7540983607
    },
    "dep": {
      "p": 0.0,
      "r": 0.0,
      "f": 0.0
    },
    "parataxis": {
      "p": 0.6326530612,
      "r": 0.369047619,
      "f": 0.4661654135
    },
    "expl:impers": {
      "p": 0.7333333333,
      "r": 0.6875,
      "f": 0.7096774194
    },
    "orphan": {
      "p": 0.0,
      "r": 0.0,
      "f": 0.0
    },
    "nsubj:pass": {
      "p": 0.0,
      "r": 0.0,
      "f": 0.0
    },
    "aux:pass": {
      "p": 0.0,
      "r": 0.0,
      "f": 0.0
    },
    "acl:relcl": {
      "p": 0.0,
      "r": 0.0,
      "f": 0.0
    }
  },
  "lemma_acc": 0.9630935838
}